<?xml version="1.0" encoding="UTF-8" standalone="yes"?>
<addon id="repository.zukzeuk" name="ZukZeuk REPO" version="0.1" provider-name="ZukZeuk">
	<extension point="xbmc.addon.repository" name="ZukZeuk REPO">
		<info compressed="false">https://raw.githubusercontent.com/ezdakit/ZukZeuk_repo/main/addons.xml</info>
		<checksum>https://raw.githubusercontent.com/ezdakit/ZukZeuk_repo/main/addons.xml.md5</checksum>
                <datadir zip="true">https://raw.githubusercontent.com/ezdakit/ZukZeuk_repo/main</datadir>
	</extension>
	<extension point="xbmc.addon.metadata">
		<summary>ZukZeuk Repo</summary>
   		<description lang="es">Repositorio de addons ZukZeuk</description>
		<disclaimer></disclaimer>
		<platform>all</platform>
	</extension>
</addon>
