<?xml version="1.0" encoding="UTF-8" standalone="yes"?>
<addon id="plugin.program.zukzeuk" name="[COLOR red]Zuk[/COLOR][COLOR green]Zeuk[/COLOR] WIZARD" version="0.0.8" provider-name="zukzeuk">
  <requires>
    <import addon="xbmc.python" version="2.1.0"/>
  </requires>
  <extension point="xbmc.python.pluginsource" library="default.py">
    <provides>executable</provides>
  </extension>
  <extension point="xbmc.service" library="startup.py" start="startup" />
  <extension point="xbmc.addon.metadata">
    <summary lang="en">[COLOR red]Zuk[/COLOR][COLOR green]Zeuk[/COLOR] WIZARD</summary>
    <description lang="en">Wizard para Kodi 18</description>
<news>Versiones alpha.
 </news>
    <platform>all</platform>
  </extension>
</addon>